<core:FragmentDefinition xmlns:core="sap.ui.core"
	xmlns:mvc="sap.ui.core.mvc" xmlns="sap.m" xmlns:f="sap.ui.layout.form"
	xmlns:l="sap.ui.layout">
	<Dialog id="createRiskId" title="{i18n>AddRiskInfo}" draggable="true"
		contentWidth="30%" afterClose="onAfterCloseDialogRisk" afterOpen="onAfterRiskDialogOpen">
		<content>
			<f:SimpleForm id="AddRisk" backgroundDesign="Transparent"
				maxContainerCols="2" editable="true" layout="ResponsiveGridLayout"
				labelSpanL="3" labelSpanM="4" labelSpanS="4" columnsL="3" columnsM="3"
				columnsS="3" emptySpanL="0" emptySpanM="1" emptySpanS="1">
				<f:content>
					<Label text="{i18n>program}" />
					<Input id="programRId" class="sapUiSmallMarginBottom" editable= "false" value="{ZProgram}"/>
					<Label text="{i18n>project}" />
					<Input id="projectRId" class="sapUiSmallMarginBottom" editable= "false" value="{ZProject}"/>
					<Label text="{i18n>sprintMonth}" />
					<Input id="sprintMonthRId" class="sapUiSmallMarginBottom" editable= "false" value="{SprintMonth}"/>
					<Label text="{i18n>sprintYear}" />
					<Input id="sprintYearRId" class="sapUiSmallMarginBottom" editable= "false" value="{SprintYear}"/>
					<Label text="{i18n>risk}" required="true" />
					<Input id="riskId" placeholder="{i18n>enterRisk}" class="sapUiSmallMarginBottom" liveChange="handleLiveChange" value="{Impediments}"
					maxLength="255"/>
					<Label text="{i18n>riskType}" required="true" />
					<Select class="sapUiSmallMarginBottom" id= "riskTypeId" liveChange="handleLiveChange " selectedKey="{RiskType}">
						<core:Item key="Select" text="{i18n>select}" />
						<core:Item key="WORKLOAD" text="{i18n>workload}" />
						<core:Item key="QUALITY" text="{i18n>quality}" />
						<core:Item key="PERFORMANC" text="{i18n>performance}" />
					</Select>
					<Label text="{i18n>severity}" required="true" />
					<Select class="sapUiSmallMarginBottom" id= "riskSelectId" liveChange="handleLiveChange" selectedKey="{Severity}">
						<core:Item key="Sel" text="{i18n>select}" />
						<core:Item key="High" text="{i18n>high}" />
						<core:Item key="Med" text="{i18n>medium}" />
						<core:Item key="Low" text="{i18n>low}" />
					</Select>
					<Label text="{i18n>action}" />
					<Input id="actionId" placeholder="{i18n>enterAction}" class="sapUiSmallMarginBottom" value="{Action}"
					maxLength="255"/>
				</f:content>
			</f:SimpleForm>
		</content>

		<buttons>
			<Button id="addRisk" type="Accept" text="{i18n>add}" press="onAddRisk" icon="sap-icon://add" />
			<Button text="{i18n>close}" type="Reject" press="onCloseRisk" icon="sap-icon://sys-cancel" />
		</buttons>

	</Dialog>
</core:FragmentDefinition>