<edmx:Edmx
    xmlns:edmx="http://schemas.microsoft.com/ado/2007/06/edmx"
    xmlns:m="http://schemas.microsoft.com/ado/2007/08/dataservices/metadata"
    xmlns:sap="http://www.sap.com/Protocols/SAPData" Version="1.0">
    <edmx:DataServices m:DataServiceVersion="2.0">
        <Schema
            xmlns="http://schemas.microsoft.com/ado/2008/09/edm" Namespace="ZPOC_PI_PLANNING_ODP_SRV" xml:lang="en" sap:schema-version="1">
            <EntityType Name="ETProject" sap:content-version="1">
                <Key>
                    <PropertyRef Name="Domain"/>
                    <PropertyRef Name="Project"/>
                </Key>
                <Property Name="Domain" Type="Edm.String" Nullable="false" sap:unicode="false" sap:label="DOMAIN" sap:creatable="false" sap:updatable="false" sap:sortable="false" sap:filterable="false"/>
                <Property Name="Project" Type="Edm.String" Nullable="false" sap:unicode="false" sap:label="PROJECT" sap:creatable="false" sap:updatable="false" sap:sortable="false" sap:filterable="false"/>
            </EntityType>
            <EntityType Name="ETTask" sap:content-version="1">
                <Key>
                    <PropertyRef Name="ZProgram"/>
                    <PropertyRef Name="ZProject"/>
                    <PropertyRef Name="TaskId"/>
                    <PropertyRef Name="SprintMonth"/>
                    <PropertyRef Name="SprintYear"/>
                    <PropertyRef Name="Application"/>
                </Key>
                <Property Name="ZProgram" Type="Edm.String" Nullable="false" MaxLength="10" sap:unicode="false" sap:label="Program name" sap:updatable="false" sap:sortable="false" sap:filterable="false"/>
                <Property Name="ZProject" Type="Edm.String" Nullable="false" MaxLength="50" sap:unicode="false" sap:label="Project name" sap:updatable="false" sap:sortable="false" sap:filterable="false"/>
                <Property Name="TaskId" Type="Edm.String" Nullable="false" MaxLength="20" sap:unicode="false" sap:label="Task ID" sap:updatable="false" sap:sortable="false" sap:filterable="false"/>
                <Property Name="SprintMonth" Type="Edm.String" Nullable="false" MaxLength="4" sap:unicode="false" sap:label="Sprint month" sap:updatable="false" sap:sortable="false" sap:filterable="false"/>
                <Property Name="SprintYear" Type="Edm.String" Nullable="false" MaxLength="4" sap:unicode="false" sap:label="Sprint year" sap:updatable="false" sap:sortable="false" sap:filterable="false"/>
                <Property Name="Application" Type="Edm.String" Nullable="false" MaxLength="15" sap:unicode="false" sap:label="Application" sap:updatable="false" sap:sortable="false" sap:filterable="false"/>
                <Property Name="Dependency" Type="Edm.String" Nullable="false" MaxLength="1" sap:unicode="false" sap:label="Dependency flag" sap:updatable="true" sap:sortable="false" sap:filterable="false"/>
                <Property Name="DependTask" Type="Edm.String" Nullable="false" MaxLength="20" sap:unicode="false" sap:label="Depend. task ID" sap:updatable="true" sap:sortable="false" sap:filterable="false"/>
                <Property Name="Estimation" Type="Edm.String" Nullable="false" MaxLength="3" sap:unicode="false" sap:label="Task estimation" sap:updatable="true" sap:sortable="false" sap:filterable="false"/>
                <Property Name="TaskDesc" Type="Edm.String" Nullable="false" MaxLength="255" sap:unicode="false" sap:label="Task Description" sap:updatable="true" sap:sortable="false" sap:filterable="false"/>
                <Property Name="Comments" Type="Edm.String" Nullable="false" MaxLength="255" sap:unicode="false" sap:label="Comments" sap:updatable="true" sap:sortable="false" sap:filterable="false"/>
            </EntityType>
            <EntityType Name="ETRisk" sap:content-version="1">
                <Key>
                    <PropertyRef Name="ZProgram"/>
                    <PropertyRef Name="ZProject"/>
                    <PropertyRef Name="SprintMonth"/>
                    <PropertyRef Name="SprintYear"/>
                    <PropertyRef Name="Application"/>
                    <PropertyRef Name="RiskType"/>
                </Key>
                <Property Name="ZProgram" Type="Edm.String" Nullable="false" MaxLength="10" sap:unicode="false" sap:label="Program name" sap:creatable="false" sap:updatable="false" sap:sortable="false" sap:filterable="false"/>
                <Property Name="Status" Type="Edm.String" Nullable="false" MaxLength="20" sap:unicode="false" sap:label="Risk Status" sap:creatable="false" sap:updatable="false" sap:sortable="false" sap:filterable="false"/>
                <Property Name="ZProject" Type="Edm.String" Nullable="false" MaxLength="50" sap:unicode="false" sap:label="Project name" sap:creatable="false" sap:updatable="false" sap:sortable="false" sap:filterable="false"/>
                <Property Name="SprintMonth" Type="Edm.String" Nullable="false" MaxLength="4" sap:unicode="false" sap:label="Sprint month" sap:creatable="false" sap:updatable="false" sap:sortable="false" sap:filterable="false"/>
                <Property Name="SprintYear" Type="Edm.String" Nullable="false" MaxLength="4" sap:unicode="false" sap:label="Sprint year" sap:creatable="false" sap:updatable="false" sap:sortable="false" sap:filterable="false"/>
                <Property Name="Application" Type="Edm.String" Nullable="false" MaxLength="15" sap:unicode="false" sap:label="Application" sap:creatable="false" sap:updatable="false" sap:sortable="false" sap:filterable="false"/>
                <Property Name="RiskType" Type="Edm.String" Nullable="false" MaxLength="20" sap:unicode="false" sap:label="Risk Type" sap:creatable="false" sap:updatable="false" sap:sortable="false" sap:filterable="false"/>
                <Property Name="Impediments" Type="Edm.String" Nullable="false" MaxLength="255" sap:unicode="false" sap:label="Impediments of sprin" sap:creatable="false" sap:updatable="false" sap:sortable="false" sap:filterable="false"/>
                <Property Name="Severity" Type="Edm.String" Nullable="false" MaxLength="4" sap:unicode="false" sap:label="Severity" sap:creatable="false" sap:updatable="false" sap:sortable="false" sap:filterable="false"/>
                <Property Name="Action" Type="Edm.String" Nullable="false" MaxLength="255" sap:unicode="false" sap:label="Actions" sap:creatable="false" sap:updatable="false" sap:sortable="false" sap:filterable="false"/>
            </EntityType>
            <EntityType Name="ETMilestone" sap:content-version="1">
                <Key>
                    <PropertyRef Name="ZProgram"/>
                    <PropertyRef Name="ZProject"/>
                    <PropertyRef Name="SprintMonth"/>
                    <PropertyRef Name="SprintYear"/>
                    <PropertyRef Name="Application"/>
                </Key>
                <Property Name="ZProgram" Type="Edm.String" Nullable="false" MaxLength="10" sap:unicode="false" sap:label="Program name" sap:creatable="false" sap:updatable="false" sap:sortable="false" sap:filterable="false"/>
                <Property Name="ZProject" Type="Edm.String" Nullable="false" MaxLength="50" sap:unicode="false" sap:label="Project name" sap:creatable="false" sap:updatable="false" sap:sortable="false" sap:filterable="false"/>
                <Property Name="SprintMonth" Type="Edm.String" Nullable="false" MaxLength="4" sap:unicode="false" sap:label="Sprint month" sap:creatable="false" sap:updatable="false" sap:sortable="false" sap:filterable="false"/>
                <Property Name="SprintYear" Type="Edm.String" Nullable="false" MaxLength="4" sap:unicode="false" sap:label="Sprint year" sap:creatable="false" sap:updatable="false" sap:sortable="false" sap:filterable="false"/>
                <Property Name="Application" Type="Edm.String" Nullable="false" MaxLength="15" sap:unicode="false" sap:label="Application" sap:creatable="false" sap:updatable="false" sap:sortable="false" sap:filterable="false"/>
                <Property Name="SprintDate" Type="Edm.DateTime" Precision="7" sap:unicode="false" sap:label="Sprint Date" sap:creatable="false" sap:updatable="false" sap:sortable="false" sap:filterable="false"/>
                <Property Name="DemoDate" Type="Edm.DateTime" Precision="7" sap:unicode="false" sap:label="Demo Date" sap:creatable="false" sap:updatable="false" sap:sortable="false" sap:filterable="false"/>
                <Property Name="RetroDate" Type="Edm.DateTime" Precision="7" sap:unicode="false" sap:label="Retrospective Date" sap:creatable="false" sap:updatable="false" sap:sortable="false" sap:filterable="false"/>
                <Property Name="MIIDate" Type="Edm.DateTime" Precision="7" sap:unicode="false" sap:label="MII Date" sap:creatable="false" sap:updatable="false" sap:sortable="false" sap:filterable="false"/>
                <Property Name="MIVDate" Type="Edm.DateTime" Precision="7" sap:unicode="false" sap:label="MIV Date" sap:creatable="false" sap:updatable="false" sap:sortable="false" sap:filterable="false"/>
                <Property Name="MIPDate" Type="Edm.DateTime" Precision="7" sap:unicode="false" sap:label="MIP DATE" sap:creatable="false" sap:updatable="false" sap:sortable="false" sap:filterable="false"/>
                <Property Name="EISDate" Type="Edm.DateTime" Precision="7" sap:unicode="false" sap:label="EIS DATE" sap:creatable="false" sap:updatable="false" sap:sortable="false" sap:filterable="false"/>
                <Property Name="App_replica" Type="Edm.String" Nullable="false" MaxLength="15" sap:unicode="false" sap:label="Application" sap:creatable="false" sap:updatable="false" sap:sortable="false" sap:filterable="false"/>
            </EntityType>
            <EntityType Name="ETCapacity" sap:content-version="1">
                <Key>
                    <PropertyRef Name="ZProgram"/>
                    <PropertyRef Name="ZProject"/>
                    <PropertyRef Name="SprintMonth"/>
                    <PropertyRef Name="SprintYear"/>
                    <PropertyRef Name="Application"/>
                </Key>
                <Property Name="ZProgram" Type="Edm.String" Nullable="false" MaxLength="10" sap:unicode="false" sap:label="Program name" sap:creatable="false" sap:updatable="false" sap:sortable="false" sap:filterable="false"/>
                <Property Name="ZProject" Type="Edm.String" Nullable="false" MaxLength="50" sap:unicode="false" sap:label="Project name" sap:creatable="false" sap:updatable="false" sap:sortable="false" sap:filterable="false"/>
                <Property Name="SprintMonth" Type="Edm.String" Nullable="false" MaxLength="4" sap:unicode="false" sap:label="Sprint month" sap:creatable="false" sap:updatable="false" sap:sortable="false" sap:filterable="false"/>
                <Property Name="SprintYear" Type="Edm.String" Nullable="false" MaxLength="4" sap:unicode="false" sap:label="Sprint year" sap:creatable="false" sap:updatable="false" sap:sortable="false" sap:filterable="false"/>
                <Property Name="Application" Type="Edm.String" Nullable="false" MaxLength="15" sap:unicode="false" sap:label="Application" sap:creatable="false" sap:updatable="false" sap:sortable="false" sap:filterable="false"/>
                <Property Name="TotalCapacity" Type="Edm.String" Nullable="false" MaxLength="3" sap:unicode="false" sap:label="Total Capacity" sap:creatable="false" sap:updatable="false" sap:sortable="false" sap:filterable="false"/>
                <Property Name="Buffer" Type="Edm.String" Nullable="false" MaxLength="3" sap:unicode="false" sap:label="Buffer Capacity" sap:creatable="false" sap:updatable="false" sap:sortable="false" sap:filterable="false"/>
                <Property Name="RemainingCapacity" Type="Edm.String" Nullable="false" MaxLength="3" sap:unicode="false" sap:label="Remaining Capacity" sap:creatable="false" sap:updatable="false" sap:sortable="false" sap:filterable="false"/>
                <Property Name="ConfirmedWorkload" Type="Edm.String" Nullable="false" MaxLength="3" sap:unicode="false" sap:label="Confirmed workload" sap:creatable="false" sap:updatable="false" sap:sortable="false" sap:filterable="false"/>
                <Property Name="Assumption" Type="Edm.String" Nullable="false" MaxLength="255" sap:unicode="false" sap:label="Assumptions" sap:creatable="false" sap:updatable="false" sap:sortable="false" sap:filterable="false"/>
            </EntityType>
            <EntityContainer Name="ZPOC_PI_PLANNING_ODP_SRV_Entities" m:IsDefaultEntityContainer="true" sap:supported-formats="atom json xlsx">
                <EntitySet Name="ETProjectSet" EntityType="ZPOC_PI_PLANNING_ODP_SRV.ETProject" sap:updatable="false" sap:deletable="false" sap:pageable="false" sap:addressable="false" sap:content-version="1"/>
                <EntitySet Name="ETTaskSet" EntityType="ZPOC_PI_PLANNING_ODP_SRV.ETTask" sap:updatable="false" sap:deletable="false" sap:pageable="false" sap:addressable="false" sap:content-version="1"/>
                <EntitySet Name="ETRiskSet" EntityType="ZPOC_PI_PLANNING_ODP_SRV.ETRisk" sap:updatable="false" sap:deletable="false" sap:pageable="false" sap:addressable="false" sap:content-version="1"/>
                <EntitySet Name="ETMilestoneSet" EntityType="ZPOC_PI_PLANNING_ODP_SRV.ETMilestone" sap:updatable="false" sap:deletable="false" sap:pageable="false" sap:addressable="false" sap:content-version="1"/>
                <EntitySet Name="ETCapacitySet" EntityType="ZPOC_PI_PLANNING_ODP_SRV.ETCapacity" sap:updatable="false" sap:deletable="false" sap:pageable="false" sap:addressable="false" sap:content-version="1"/>
            </EntityContainer>
            <atom:link
                xmlns:atom="http://www.w3.org/2005/Atom" rel="self" href="./sap/ZPOC_PI_PLANNING_ODP_SRV/$metadata"/>
                <atom:link
                    xmlns:atom="http://www.w3.org/2005/Atom" rel="latest-version" href="./sap/ZPOC_PI_PLANNING_ODP_SRV/$metadata"/>
                </Schema>
            </edmx:DataServices>
        </edmx:Edmx>