<Annotation Term="UI.Chart" Qualifier="Qualifier_ID_1">
	<Record Type="UI.ChartDefinitionType">
		<PropertyValue Property="Title" String="View1"/>
		<PropertyValue Property="ChartType" EnumMember="UI.ChartType/Bubble"/>
		<PropertyValue Property="MeasureAttributes">
			<Collection>
				<Record Type="UI.ChartMeasureAttributeType">
					<PropertyValue Property="Measure" PropertyPath="SalesShare"/>
					<PropertyValue Property="Role" EnumMember="UI.ChartMeasureRoleType/Axis1"/>
				</Record>
				<Record Type="UI.ChartMeasureAttributeType">
					<PropertyValue Property="Measure" PropertyPath="TotalSales"/>
					<PropertyValue Property="Role" EnumMember="UI.ChartMeasureRoleType/Axis2"/>
				</Record>
				<Record Type="UI.ChartMeasureAttributeType">
					<PropertyValue Property="Measure" PropertyPath="Sales"/>
					<PropertyValue Property="Role" EnumMember="UI.ChartMeasureRoleType/Axis3"/>
				</Record>
			</Collection>
		</PropertyValue>
		<PropertyValue Property="DimensionAttributes">
			<Collection>
				<Record Type="UI.ChartDimensionAttributeType">
					<PropertyValue Property="Dimension" PropertyPath="Product"/>
					<PropertyValue Property="Role" EnumMember="UI.ChartDimensionRoleType/Series"/>
				</Record>
			</Collection>
		</PropertyValue>
	</Record>
</Annotation>