<core:FragmentDefinition xmlns:core="sap.ui.core"
	xmlns:mvc="sap.ui.core.mvc" xmlns="sap.m" xmlns:f="sap.ui.layout.form"
	xmlns:l="sap.ui.layout">
	<Dialog id="createTaskId" title="{i18n>AddTaskInfo}" draggable="true" class="formHeader"
		contentWidth="40%" afterClose="onAfterCloseDialogTask" afterOpen="onAfterTaskDialogOpen" >
		<content>
			<f:SimpleForm id="AddTask" backgroundDesign="Transparent"
				maxContainerCols="2" editable="true" layout="ResponsiveGridLayout"
				labelSpanL="3" labelSpanM="3" labelSpanS="3" columnsL="3" columnsM="3"
				columnsS="3" emptySpanL="0" emptySpanM="0" emptySpanS="0">
				<f:content>
					<Label text="{i18n>program}" />
					<Input id="programId" class="sapUiSmallMarginBottom" editable= "false" value="{ZProgram}"/>
					<Label text="{i18n>project}" />
					<Input id="projectId" class="sapUiSmallMarginBottom" editable= "false" value="{ZProject}"/>
					<Label text="{i18n>sprintMonth}" />
					<Input id="sprintMonthId" class="sapUiSmallMarginBottom" editable= "false" value="{SprintMonth}"/>
					<Label text="{i18n>sprintYear}" />
					<Input id="sprintYearId" class="sapUiSmallMarginBottom" editable= "false" value="{SprintYear}"/>
					<Label text="{i18n>TaskDesc}" required="true"/>
					<Input id="TaskDescId" 
						placeholder="{i18n>enterTaskDesc}"
						value="{TaskDesc}"
						class="sapUiSmallMarginBottom" liveChange="handleLiveChange" maxLength="255"/>	
					<Label text="{i18n>estimations}" />
					<Input id="estimationId" placeholder="{i18n>enterEstId}" class="sapUiSmallMarginBottom" value="{Estimation}"
					maxLength="3" type="Number"/>
					<Label text="{i18n>comments}" />
					<Input id="commentsId" placeholder="{i18n>enterCommId}" class="sapUiSmallMarginBottom" value="{Comments}"
					maxLength="255"/>
					<Label text="{i18n>dependency}" />				
					<Select id="selectId" class="sapUiSmallMarginBottom" selectedKey="{Dependency}" change="enableDependentId">
						<core:Item key="S" text="{i18n>select}" />
						<core:Item key="Y" text="{i18n>yes}" />
						<core:Item key="N" text="{i18n>no}" />
					</Select>
					<Label text="{i18n>dependentID}" />
					<Input id="depTaskId" placeholder="{i18n>enterTaskId}" class="sapUiSmallMarginBottom" value="{DependTask}"
					maxLength="20" visible="{enable>/enableFlag}"/>
				</f:content>
			</f:SimpleForm>
		</content>

		<buttons class= "formFooter">
			<Button id="addTask" type="Accept" text="{i18n>add}" press="onAddTask" icon="sap-icon://add" />
			<Button text="{i18n>close}" type="Reject" press="onCloseTask" icon="sap-icon://sys-cancel" />
		</buttons>

	</Dialog>
</core:FragmentDefinition>