<core:FragmentDefinition xmlns:core="sap.ui.core"
	xmlns:mvc="sap.ui.core.mvc" xmlns="sap.m" xmlns:f="sap.ui.layout.form"
	xmlns:l="sap.ui.layout">
	<Dialog id="createCapacityId" title="{i18n>addCapacityInfo}"
		draggable="true" contentWidth="40%" afterClose="onAfterCloseDialogCapacity" afterOpen="onAfterCapacityDialogOpen">
		<content>
			<f:SimpleForm id="AddCapacity" backgroundDesign="Transparent"
				maxContainerCols="2" editable="true" layout="ResponsiveGridLayout"
				labelSpanL="3" labelSpanM="5" labelSpanS="5" columnsL="3" columnsM="3"
				columnsS="3" emptySpanL="0" emptySpanM="2" emptySpanS="2">
				<f:content>
					<Label text="{i18n>program}" />
					<Input id="programCId" class="sapUiSmallMarginBottom" editable= "false" value="{ZProgram}"/>
					<Label text="{i18n>project}" />
					<Input id="projectCId" class="sapUiSmallMarginBottom" editable= "false" value="{ZProject}"/>
					<Label text="{i18n>sprintMonth}" />
					<Input id="sprintMonthCId" class="sapUiSmallMarginBottom" editable= "false" value="{SprintMonth}"/>
					<Label text="{i18n>sprintYear}" />
					<Input id="sprintYearCId" class="sapUiSmallMarginBottom" editable= "false" value="{SprintYear}"/>
					<Label text="{i18n>total}" required="true" />
					<Input id="totalId" placeholder="{i18n>enterTotal}" type="Number" value="{TotalCapacity}"
						class="sapUiSmallMarginBottom" liveChange="handleLiveChange" maxLength="3"/>
					<Label text="{i18n>buffer}" required="true" />
					<Input id="bufferId" placeholder="{i18n>enterBuffer}" type="Number" value="{Buffer}"
						class="sapUiSmallMarginBottom" liveChange="handleLiveChange" maxLength="3"/>
					<Label text="{i18n>remaining}" required="true"/>
					<Input id="remainingId" placeholder="{i18n>enterRemaining}"
						type="Number" class="sapUiSmallMarginBottom" liveChange="handleLiveChange" value="{RemainingCapacity}" 
						maxLength="3"/>
					<Label text="{i18n>confirmed}" required="true"/>
					<Input id="confirmedId" placeholder="{i18n>enterConfirmed}"
						type="Number" class="sapUiSmallMarginBottom" liveChange="handleLiveChange" value="{ConfirmedWorkload}" 
						maxLength="3"/>
					<Label text="{i18n>assumptions}" />
					<Input id="assumptionsId" placeholder="{i18n>enterAssumptions}"
						class="sapUiSmallMarginBottom"  value="{Assumption}"
						maxLength="255"/>
				</f:content>
			</f:SimpleForm>
		</content>

		<buttons>
			<Button id="addCapacity" type="Accept" text="{i18n>add}" press="onAddCapacity"
				icon="sap-icon://add" />
			<Button text="{i18n>close}" type="Reject" press="onCloseCapacity" icon="sap-icon://sys-cancel" />
		</buttons>

	</Dialog>
</core:FragmentDefinition>