<core:FragmentDefinition xmlns:core="sap.ui.core"
	xmlns:mvc="sap.ui.core.mvc" xmlns="sap.m" xmlns:f="sap.ui.layout.form"
	xmlns:l="sap.ui.layout">
	<Dialog id="createMilestoneId" title="{i18n>addMilestoneInfo}"
		draggable="true" contentWidth="40%" afterClose="onAfterCloseDialogMilestone" afterOpen="onAfterMilestoneDialogOpen">
		<content>
			<f:SimpleForm id="AddMilestone" backgroundDesign="Transparent"
				maxContainerCols="2" editable="true" layout="ResponsiveGridLayout"
				labelSpanL="2" labelSpanM="3" labelSpanS="3" columnsL="3" columnsM="3"
				columnsS="3" emptySpanL="0" emptySpanM="1" emptySpanS="1">
				<f:content>
				<Label text="{i18n>program}" />
					<Input id="programMId" class="sapUiSmallMarginBottom" editable= "false" value="{ZProgram}"/>
					<Label text="{i18n>project}" />
					<Input id="projectMId" class="sapUiSmallMarginBottom" editable= "false" value="{ZProject}"/>
					<Label text="{i18n>sprintMonth}" />
					<Input id="sprintMonthMId" class="sapUiSmallMarginBottom" editable= "false" value="{SprintMonth}"/>
					<Label text="{i18n>sprintYear}" />
					<Input id="sprintYearMId" class="sapUiSmallMarginBottom" editable= "false" value="{SprintYear}"/>
					<Label text="{i18n>application}" />
					<Input id="appliId" class="sapUiSmallMarginBottom"  value="{App_replica}" type="text" />
					<Label text="{i18n>sprintDate}" required="true" />
					<DatePicker id="DP1" placeholder="{i18n>enterSprintDate}" displayFormat="dd.MM.yyyy"
						change="handleChange" class="sapUiSmallMarginBottom" liveChange="handleLiveChangeForSprintDate" dateValue="{SprintDate}" />
					<Label text="{i18n>demoDate}"/>
					<DatePicker id="DP2" placeholder="{i18n>enterDemoDate}" displayFormat="dd.MM.yyyy"
						change="handleChange" class="sapUiSmallMarginBottom" dateValue="{DemoDate}"/>
					<Label text="{i18n>retroDate}"/>
					<DatePicker id="DP3" placeholder="{i18n>enterRetroDate}" displayFormat="dd.MM.yyyy"
						change="handleChange" class="sapUiSmallMarginBottom" dateValue="{RetroDate}"/>
					<Label text="{i18n>miiDate}"/> 
					<DatePicker id="DP4" placeholder="{i18n>enterMiiDate}" displayFormat="dd.MM.yyyy"
						change="handleChange" class="sapUiSmallMarginBottom" dateValue="{MIIDate}"/>
					<Label text="{i18n>mivDate}"/>
					<DatePicker id="DP5" placeholder="{i18n>enterMivDate}" displayFormat="dd.MM.yyyy"
						change="handleChange" class="sapUiSmallMarginBottom" dateValue="{MIVDate}"/>
					<Label text="{i18n>mipDate}"/>
					<DatePicker id="DP6" placeholder="{i18n>enterMipDate}" displayFormat="dd.MM.yyyy"
						change="handleChange" class="sapUiSmallMarginBottom" dateValue="{MIPDate}"/>
					<Label text="{i18n>eisDate}" />
					<DatePicker id="DP7" placeholder="{i18n>enterEisDate}" displayFormat="dd.MM.yyyy"
						change="handleChange" class="sapUiSmallMarginBottom" dateValue="{EISDate}"/>
				</f:content>
			</f:SimpleForm>
		</content>

		<buttons>
			<Button id="addMilestone" type="Accept" text="{i18n>add}" press="onAddMilestone"
				icon="sap-icon://add" />
			<Button text="{i18n>close}" type="Reject" press="onCloseMilestone" icon="sap-icon://sys-cancel" />
		</buttons>

	</Dialog>
</core:FragmentDefinition>