<?xml version="1.0" encoding="utf-8"?>
<edmx:Edmx Version="1.0" xmlns:edmx="http://schemas.microsoft.com/ado/2007/06/edmx"
	xmlns:m="http://schemas.microsoft.com/ado/2007/08/dataservices/metadata" xmlns:sap="http://www.sap.com/Protocols/SAPData">
	<edmx:Reference
		Uri="https://sap/opu/odata/IWFND/CATALOGSERVICE;v=2/Vocabularies(TechnicalName='%2FIWBEP%2FVOC_COMMON',Version='0001',SAP__Origin='LOCAL')/$value"
		xmlns:edmx="http://docs.oasis-open.org/odata/ns/edmx"><edmx:Include Namespace="com.sap.vocabularies.Common.v1" Alias="Common"/></edmx:Reference>
	<edmx:DataServices m:DataServiceVersion="2.0">
		<Schema Namespace="ZSOCDS_SRV" xml:lang="en" sap:schema-version="1" xmlns="http://schemas.microsoft.com/ado/2008/09/edm">
			<EntityType Name="SEPM_I_SalesOrderItem_EType" sap:semantics="aggregate" sap:label="EPM Demo: Sales Order Item with External IDs"
				sap:content-version="1">
				<Key><PropertyRef Name="ID"/></Key><Property Name="ID" Type="Edm.String" Nullable="false"/><Property Name="SalesOrder" Type="Edm.String" MaxLength="10" sap:aggregation-role="dimension" sap:display-format="UpperCase"
					sap:label="Sales Order ID" sap:quickinfo="EPM: Sales Order Number" sap:creatable="false" sap:updatable="false"/><Property Name="OpportunityItem" Type="Edm.String" MaxLength="10" sap:aggregation-role="dimension" sap:display-format="UpperCase"
					sap:label="Item Position" sap:quickinfo="EPM: Sales Order Item Position"/><Property Name="SalesOrderItem" Type="Edm.String" MaxLength="10" sap:aggregation-role="dimension" sap:display-format="UpperCase"
					sap:text="SalesOrderItem_Text" sap:label="Item Position" sap:quickinfo="EPM: Sales Order Item Position"/><Property Name="SalesOrderItem_Text" Type="Edm.String" MaxLength="255" sap:aggregation-role="dimension" sap:label="Description"
					sap:quickinfo="EPM: Text field for names and descriptions" sap:creatable="false" sap:updatable="false"/><Property Name="Product" Type="Edm.String" MaxLength="10" sap:aggregation-role="dimension" sap:display-format="UpperCase"
					sap:label="Product ID" sap:quickinfo="EPM: Product ID"/><Property Name="TransactionCurrency" Type="Edm.String" MaxLength="5" sap:aggregation-role="dimension" sap:label="ISO Currency Code"
					sap:quickinfo="EPM: Currency Code" sap:semantics="currency-code"/><Property Name="GrossAmountInTransacCurrency" Type="Edm.Decimal" Precision="16" Scale="3" sap:aggregation-role="measure"
					sap:unit="TransactionCurrency" sap:label="Total Gross Amount" sap:quickinfo="EPM: Total Gross Amount" sap:filterable="false"/><Property Name="NetAmountInTransactionCurrency" Type="Edm.Decimal" Precision="16" Scale="3" sap:aggregation-role="measure"
					sap:unit="TransactionCurrency" sap:label="Total Net Amount" sap:quickinfo="EPM: Total Net Amount" sap:filterable="false"/><Property Name="TaxAmountInTransactionCurrency" Type="Edm.Decimal" Precision="16" Scale="3" sap:aggregation-role="measure"
					sap:unit="TransactionCurrency" sap:label="Total Tax Amount" sap:quickinfo="EPM: Total Tax Amount" sap:filterable="false"/><Property Name="ProductAvailabilityStatus" Type="Edm.String" MaxLength="1" sap:aggregation-role="dimension" sap:display-format="UpperCase"
					sap:label="SO Item ATP Status" sap:quickinfo="EPM: Sales Order Item ATP Status"/></EntityType>
			<EntityType Name="SEPM_I_SalesOrder_EType" sap:semantics="aggregate" sap:label="EPM Demo: Sales Order with External IDs"
				sap:content-version="1">
				<Key><PropertyRef Name="ID"/></Key><Property Name="ID" Type="Edm.String" Nullable="false"/><Property Name="SalesOrder" Type="Edm.String" MaxLength="10" sap:aggregation-role="dimension" sap:display-format="UpperCase"
					sap:text="SalesOrder_Text" sap:label="Sales Order ID" sap:quickinfo="EPM: Sales Order Number" sap:creatable="false" sap:updatable="false"/><Property Name="CustomerContact" Type="Edm.String" MaxLength="10" sap:aggregation-role="dimension" sap:display-format="UpperCase"
					sap:label="Customer Contact" sap:quickinfo="EPM: Sales Order Customer Contact"/><Property Name="TransactionCurrency" Type="Edm.String" MaxLength="5" sap:aggregation-role="dimension" sap:label="ISO Currency Code"
					sap:quickinfo="EPM: Currency Code" sap:semantics="currency-code"/><Property Name="GrossAmountInTransacCurrency" Type="Edm.Decimal" Precision="16" Scale="3" sap:aggregation-role="measure"
					sap:unit="TransactionCurrency" sap:label="Total Gross Amount" sap:quickinfo="EPM: Total Gross Amount" sap:filterable="false"/><Property Name="NetAmountInTransactionCurrency" Type="Edm.Decimal" Precision="16" Scale="3" sap:aggregation-role="measure"
					sap:unit="TransactionCurrency" sap:label="Total Net Amount" sap:quickinfo="EPM: Total Net Amount" sap:filterable="false"/><Property Name="TaxAmountInTransactionCurrency" Type="Edm.Decimal" Precision="16" Scale="3" sap:aggregation-role="measure"
					sap:unit="TransactionCurrency" sap:label="Total Tax Amount" sap:quickinfo="EPM: Total Tax Amount" sap:filterable="false"/><Property Name="SalesOrderLifeCycleStatus" Type="Edm.String" MaxLength="1" sap:aggregation-role="dimension" sap:display-format="UpperCase"
					sap:label="SO Lifecycle Status" sap:quickinfo="EPM: Sales Order Lifecycle Status"/><Property Name="SalesOrderBillingStatus" Type="Edm.String" MaxLength="1" sap:aggregation-role="dimension" sap:display-format="UpperCase"
					sap:label="Confirmation Status" sap:quickinfo="EPM: Sales Order Confirmation Status"/><Property Name="SalesOrderDeliveryStatus" Type="Edm.String" MaxLength="1" sap:aggregation-role="dimension" sap:display-format="UpperCase"
					sap:label="SO Ordering Status" sap:quickinfo="EPM: Sales Order Ordering Status"/><Property Name="SalesOrderOverallStatus" Type="Edm.String" MaxLength="1" sap:aggregation-role="dimension" sap:display-format="UpperCase"
					sap:label="Overall Status" sap:quickinfo="EPM: Sales Order Overall Status"/><Property Name="Opportunity" Type="Edm.String" MaxLength="35" sap:aggregation-role="dimension" sap:display-format="UpperCase"
					sap:label="Opportunity ID" sap:quickinfo="EPM: Opportunity ID for SoD IDoc processing"/><Property Name="SalesOrder_Text" Type="Edm.String" MaxLength="255" sap:aggregation-role="dimension" sap:label="Description"
					sap:quickinfo="EPM: Text field for names and descriptions" sap:creatable="false" sap:updatable="false"/><Property Name="SalesOrderPaymentMethod" Type="Edm.String" MaxLength="1" sap:aggregation-role="dimension" sap:display-format="UpperCase"
					sap:label="Payment Method" sap:quickinfo="EPM: Sales Order Payment Method"/><Property Name="SalesOrderPaymentTerms" Type="Edm.String" MaxLength="1" sap:aggregation-role="dimension" sap:display-format="UpperCase"
					sap:label="Payment Terms" sap:quickinfo="EPM: Sales Order Payment Terms"/><Property Name="BillToParty" Type="Edm.String" MaxLength="10" sap:aggregation-role="dimension" sap:display-format="UpperCase"
					sap:label="Bill-to Party" sap:quickinfo="EPM: Sales Order Bill-To Party"/><Property Name="BillToPartyRole" Type="Edm.String" MaxLength="3" sap:aggregation-role="dimension" sap:display-format="UpperCase"
					sap:label="Party Role" sap:quickinfo="EPM: Party Role"/><Property Name="ShipToParty" Type="Edm.String" MaxLength="10" sap:aggregation-role="dimension" sap:display-format="UpperCase"
					sap:label="Ship-to Party" sap:quickinfo="EPM: Sales Order Ship-To Party"/><Property Name="ShipToPartyRole" Type="Edm.String" MaxLength="3" sap:aggregation-role="dimension" sap:display-format="UpperCase"
					sap:label="Party Role" sap:quickinfo="EPM: Party Role"/><Property Name="CreatedByUser" Type="Edm.String" MaxLength="12" sap:aggregation-role="dimension" sap:display-format="UpperCase"
					sap:label="Created By User" sap:quickinfo="EPM: Created By User"/><Property Name="CreationDateTime" Type="Edm.DateTimeOffset" Precision="7" sap:aggregation-role="dimension" sap:label="Created At"
					sap:quickinfo="EPM: Created At" sap:creatable="false" sap:updatable="false"/><Property Name="LastChangedByUser" Type="Edm.String" MaxLength="12" sap:aggregation-role="dimension" sap:display-format="UpperCase"
					sap:label="Last Changed By User" sap:quickinfo="EPM: Last Changed By User"/><Property Name="LastChangedDateTime" Type="Edm.DateTimeOffset" Precision="7" sap:aggregation-role="dimension" sap:label="Changed At"
					sap:quickinfo="EPM: Changed At" sap:creatable="false" sap:updatable="false"/><Property Name="IsCreatedByBusinessPartner" Type="Edm.Boolean" sap:aggregation-role="dimension" sap:display-format="UpperCase"
					sap:label="Bool. Value" sap:quickinfo="EPM: Boolean"/><Property Name="IsLastChangedByBusinessPartner" Type="Edm.Boolean" sap:aggregation-role="dimension" sap:display-format="UpperCase"
					sap:label="Bool. Value" sap:quickinfo="EPM: Boolean"/><Property Name="Customer" Type="Edm.String" MaxLength="10" sap:aggregation-role="dimension" sap:display-format="UpperCase"
					sap:label="Customer" sap:quickinfo="EPM: Customer ID"/><NavigationProperty Name="to_Item" Relationship="ZSOCDS_SRV.assoc_5DE06120536724C4B3ACB7DF43062978"
					FromRole="FromRole_assoc_5DE06120536724C4B3ACB7DF43062978" ToRole="ToRole_assoc_5DE06120536724C4B3ACB7DF43062978"/></EntityType>
			<Association Name="assoc_5DE06120536724C4B3ACB7DF43062978" sap:content-version="1"><End Type="ZSOCDS_SRV.SEPM_I_SalesOrder_EType" Multiplicity="1" Role="FromRole_assoc_5DE06120536724C4B3ACB7DF43062978"/><End Type="ZSOCDS_SRV.SEPM_I_SalesOrderItem_EType" Multiplicity="*" Role="ToRole_assoc_5DE06120536724C4B3ACB7DF43062978"/></Association>
			<EntityContainer Name="ZSOCDS_SRV_Entities" m:IsDefaultEntityContainer="true" sap:supported-formats="atom json xlsx"><EntitySet Name="SEPM_I_SalesOrderItem_E" EntityType="ZSOCDS_SRV.SEPM_I_SalesOrderItem_EType" sap:creatable="false" sap:updatable="false"
				sap:deletable="false" sap:content-version="1"/><EntitySet Name="SEPM_I_SalesOrder_E" EntityType="ZSOCDS_SRV.SEPM_I_SalesOrder_EType" sap:creatable="false" sap:updatable="false"
				sap:deletable="false" sap:content-version="1"/>
				<AssociationSet Name="assoc_5DE06120536724C4B3ACB7DF43062978" Association="ZSOCDS_SRV.assoc_5DE06120536724C4B3ACB7DF43062978"
					sap:creatable="false" sap:updatable="false" sap:deletable="false" sap:content-version="1"><End EntitySet="SEPM_I_SalesOrder_E" Role="FromRole_assoc_5DE06120536724C4B3ACB7DF43062978"/><End EntitySet="SEPM_I_SalesOrderItem_E" Role="ToRole_assoc_5DE06120536724C4B3ACB7DF43062978"/></AssociationSet>
			</EntityContainer><atom:link rel="self"
				href="https://webidecp-p2001661152trial.dispatcher.hanatrial.ondemand.com/destinations/ES5/sap/opu/odata/sap/ZSOCDS_SRV/$metadata"
				xmlns:atom="http://www.w3.org/2005/Atom"/><atom:link rel="latest-version"
				href="https://webidecp-p2001661152trial.dispatcher.hanatrial.ondemand.com/destinations/ES5/sap/opu/odata/sap/ZSOCDS_SRV/$metadata"
				xmlns:atom="http://www.w3.org/2005/Atom"/></Schema>
	</edmx:DataServices>
</edmx:Edmx>