{
  "code":[
  
  {
      "key": "drp_1",
          "text" :"Sales order_1"  ,
          "orderAmt" : "500"
  }, 
  {
      "key": "drp_2",
          "text" :"Sales order_2"  ,
          "orderAmt" : "700"
  },
   {
      "key": "drp_3",
          "text" :"Sales order_3"   ,
          "orderAmt" : "7686"
  },
    {
      "key": "drp_4",
          "text" :"Sales order_4" ,
          "orderAmt" : "54343"
  }, 
    {
      "key": "drp_5",
          "text" :"Sales order_5"    ,
          "orderAmt" : "2323"
  }, 
  
    {
      "key": "drp_6",
          "text" :"Sales order_6"    ,
          "orderAmt" : "23423"
  } ,
  
    {
      "key": "drp_7",
          "text" :"Sales order_7"    ,
          "orderAmt" : "243"
  } ,
  
    {
      "key": "drp_8",
          "text" :"Sales order_8"    ,
          "orderAmt" : "2233"
  } ,
  
    {
      "key": "drp_9",
          "text" :"Sales order_9"    ,
          "orderAmt" : "253"
  } ,
  
    {
      "key": "drp_10",
          "text" :"Sales order_10"    ,
          "orderAmt" : "263"
  } 
    
  ]

}
