{
	"Program": [
		{
			"text": "Select",
			"key": "S"
		},
		{
			"text": "ZICN",
			"key": "ZICN",
			"Project": [
				{
					"text": "Select",
					"key": "S"
				},
				{
					"text": "ECO",
					"key": "ECO"
				},
				{
					"text": "Tech Request",
					"key": "TRM"
				},
				{
					"text": "TRM Analytics",
					"key": "TRMANA"
				},
				{
					"text": "Plateau",
					"key": "PLATEAU"
				},
				{
					"text": "C4U- Prod",
					"key": "C4UPROD"
				},
				{
					"text": "C4U- UPM",
					"key": "C4UUPM"
				}
			]
		},
		{
			"text": "ZICD",
			"key": "ZICD",
			"Project": [
				{
					"text": "Select",
					"key": "S"
				},
				{
					"text": "DACAS",
					"key": "DACAS"
				},
				{
					"text": "SB-Global",
					"key": "SBGLOBAL"
				},				
				{
					"text": "ODTD",
					"key": "ODTD"
				},
				{
					"text": "ICD1",
					"key": "ICD1"
				},
				{
					"text": "ICD3",
					"key": "ICD3"
				},
				{
					"text": "SENIO+",
					"key": "SENIO"
				},
				{
					"text": "PARTS",
					"key": "PARTS"
				},
				{
					"text": "DALI",
					"key": "DALI"
				},
				{
					"text": "ADNS",
					"key": "ADNS"
				},
				{
					"text": "Control-M",
					"key": "CONTROLM"
				},
				{
					"text": "TD Elec WALI",
					"key": "TDEWALI"
				}	
			]
		},
		{
			"text": "ZICM",
			"key": "ZICM",
			"Project": [
				{
					"text": "Select",
					"key": "S"
				},
				{
					"text": "Ax1 Upgrade",
					"key": "AXUPGRADE"
				},
				{
					"text": "SD Scope+New PDS+PFIS",
					"key": "SDPDSPFIS"
				},				
				{
					"text": "AS/CR",
					"key": "ASCR"
				},
				{
					"text": "FOKUS",
					"key": "FOKUS"
				},
				{
					"text": "Copy Paste",
					"key": "COPYPASTE"
				},
				{
					"text": "Inbound/Autostore",
					"key": "INBOUNDAUTO"
				},
				{
					"text": "HANA",
					"key": "HANA"
				},
				{
					"text": "FHS",
					"key": "FHS"
				},
				{
					"text": "Innovation",
					"key": "INNOVATION"
				},
				{
					"text": "Control-M",
					"key": "CONTROLM"
				}
			]
		}
	],
	"SprintYear": [
		{
			"text": "Select",
			"key": "S"
		},
		{
			"text": "2018",
			"key": "2018"
		},		
		{
			"text": "2019",
			"key": "2019"
		},
		{
			"text": "2020",
			"key": "2020"
		},
		{
			"text": "2021",
			"key": "2021"
		},
		{
			"text": "2022",
			"key": "2022"
		},
		{
			"text": "2023",
			"key": "2023"
		},
		{
			"text": "2024",
			"key": "2024"
		},
		{
			"text": "2025",
			"key": "2025"
		}
	],
	"SprintMonth": [
		{
			"text": "Select",
			"key": "S"
		},
		{
			"text": "January",
			"key": 1
		},
		{
			"text": "February",
			"key": 2
		},
		{
			"text": "March",
			"key": 3
		},
		{
			"text": "April",
			"key": 4
		},
		{
			"text": "May",
			"key": 5
		},
		{
			"text": "June",
			"key": 6
		},
		{
			"text": "July",
			"key": 7
		},
		{
			"text": "August",
			"key": 8
		},
		{
			"text": "September",
			"key": 9
		},
		{
			"text": "October",
			"key": 10
		},
		{
			"text": "November",
			"key": 11
		},
		{
			"text": "December",
			"key": 12
		}
	]
}