<edmx:Edmx xmlns:edmx="http://schemas.microsoft.com/ado/2007/06/edmx"
	xmlns:m="http://schemas.microsoft.com/ado/2007/08/dataservices/metadata" xmlns:sap="http://www.sap.com/Protocols/SAPData" Version="1.0">
	<edmx:Reference xmlns:edmx="http://docs.oasis-open.org/odata/ns/edmx"
		Uri="https://sap/opu/odata/IWFND/CATALOGSERVICE;v=2/Vocabularies(TechnicalName='%2FIWBEP%2FVOC_COMMON',Version='0001',SAP__Origin='LOCAL')/$value"><edmx:Include Namespace="com.sap.vocabularies.Common.v1" Alias="Common"/></edmx:Reference>
	<edmx:Reference xmlns:edmx="http://docs.oasis-open.org/odata/ns/edmx"
		Uri="https://sap/opu/odata/IWFND/CATALOGSERVICE;v=2/Vocabularies(TechnicalName='%2FIWBEP%2FVOC_UI',Version='0001',SAP__Origin='LOCAL')/$value"><edmx:Include Namespace="com.sap.vocabularies.UI.v1" Alias="UI"/></edmx:Reference>
	<edmx:DataServices m:DataServiceVersion="2.0">
		<Schema xmlns="http://schemas.microsoft.com/ado/2008/09/edm" Namespace="EPM_REF_APPS_SHOP" xml:lang="en" sap:schema-version="1">
			<EntityType Name="Supplier" sap:content-version="1">
				<Key><PropertyRef Name="Id"/></Key><Property Name="ContactEmail" Type="Edm.String" Nullable="false" MaxLength="255" sap:label="E-Mail" sap:creatable="false"
					sap:updatable="false" sap:sortable="false" sap:filterable="false"/><Property Name="Id" Type="Edm.String" Nullable="false" MaxLength="10" sap:label="Supplier" sap:creatable="false" sap:updatable="false"
					sap:sortable="false" sap:filterable="false"/><Property Name="Name" Type="Edm.String" Nullable="false" MaxLength="80" sap:label="Name" sap:creatable="false" sap:updatable="false"
					sap:sortable="false" sap:filterable="false"/><Property Name="Phone" Type="Edm.String" Nullable="false" MaxLength="30" sap:label="Phone" sap:creatable="false" sap:updatable="false"
					sap:sortable="false" sap:filterable="false"/><Property Name="Email" Type="Edm.String" Nullable="false" MaxLength="255" sap:label="E-Mail" sap:creatable="false" sap:updatable="false"
					sap:sortable="false" sap:filterable="false"/><Property Name="WebAddress" Type="Edm.String" Nullable="false" sap:label="URI" sap:creatable="false" sap:updatable="false"
					sap:sortable="false" sap:filterable="false"/><Property Name="FormattedAddress" Type="Edm.String" Nullable="false" MaxLength="129" sap:label="Address" sap:creatable="false"
					sap:updatable="false" sap:sortable="false" sap:filterable="false"/><Property Name="FormattedContactName" Type="Edm.String" Nullable="false" MaxLength="81" sap:label="Name" sap:creatable="false"
					sap:updatable="false" sap:sortable="false" sap:filterable="false"/><Property Name="ContactPhone1" Type="Edm.String" Nullable="false" MaxLength="30" sap:label="Phone" sap:creatable="false"
					sap:updatable="false" sap:sortable="false" sap:filterable="false"/><Property Name="ContactPhone2" Type="Edm.String" Nullable="false" MaxLength="30" sap:label="Fax" sap:creatable="false" sap:updatable="false"
					sap:sortable="false" sap:filterable="false"/></EntityType>
			<EntityType Name="MainCategory" sap:content-version="1">
				<Key><PropertyRef Name="Id"/></Key><Property Name="Id" Type="Edm.String" Nullable="false" MaxLength="40" sap:label="Main Category" sap:creatable="false" sap:updatable="false"/><Property Name="Name" Type="Edm.String" Nullable="false" MaxLength="40" sap:label="Main Category" sap:creatable="false"
					sap:updatable="false"/><NavigationProperty Name="SubCategories" Relationship="EPM_REF_APPS_SHOP.SubCategoryMainCategories"
					FromRole="FromRole_SubCategoryMainCategories" ToRole="ToRole_SubCategoryMainCategories"/></EntityType>
			<EntityType Name="SubCategory" sap:content-version="1">
				<Key><PropertyRef Name="Id"/></Key><Property Name="Id" Type="Edm.String" Nullable="false" MaxLength="40" sap:label="Category" sap:creatable="false" sap:updatable="false"/><Property Name="Name" Type="Edm.String" Nullable="false" MaxLength="40" sap:label="Category" sap:creatable="false" sap:updatable="false"/><Property Name="MainCategoryId" Type="Edm.String" Nullable="false" MaxLength="40" sap:label="Main Category" sap:creatable="false"
					sap:updatable="false" sap:sortable="false"/><Property Name="MainCategoryName" Type="Edm.String" Nullable="false" MaxLength="40" sap:label="Main Category" sap:creatable="false"
					sap:updatable="false" sap:sortable="false"/><NavigationProperty Name="MainCategory" Relationship="EPM_REF_APPS_SHOP.SubCategoryMainCategories"
					FromRole="ToRole_SubCategoryMainCategories" ToRole="FromRole_SubCategoryMainCategories"/></EntityType>
			<EntityType Name="Review" sap:content-version="1">
				<Key><PropertyRef Name="Id"/></Key><Property Name="ChangedAt" Type="Edm.DateTime" Nullable="false" Precision="0" sap:label="Reviewed" sap:creatable="false"
					sap:updatable="false"/><Property Name="Comment" Type="Edm.String" sap:label="Rating Text"/><Property Name="HelpfulCount" Type="Edm.Int32" Nullable="false" sap:label="Helpful" sap:creatable="false" sap:updatable="false"/><Property Name="HelpfulForCurrentUser" Type="Edm.Boolean" Nullable="false" sap:label="Is Helpful" sap:creatable="false"/><Property Name="Id" Type="Edm.Guid" Nullable="false" sap:label="Node Key" sap:creatable="false" sap:updatable="false"/><Property Name="IsReviewOfCurrentUser" Type="Edm.Boolean" Nullable="false" sap:label="Reviewed by Me" sap:creatable="false"
					sap:updatable="false"/><Property Name="ProductId" Type="Edm.String" Nullable="false" MaxLength="10" sap:label="Product"/><Property Name="Rating" Type="Edm.Byte" Nullable="false" sap:label="Rating"/><Property Name="UserDisplayName" Type="Edm.String" Nullable="false" MaxLength="81" sap:label="Reviewer" sap:creatable="false"
					sap:updatable="false"/><NavigationProperty Name="Product" Relationship="EPM_REF_APPS_SHOP.ProductReviews" FromRole="ToRole_ProductReviews"
					ToRole="FromRole_ProductReviews"/></EntityType>
			<EntityType Name="Product" sap:service-version="1" sap:content-version="1">
				<Key><PropertyRef Name="Id"/></Key><Property Name="AverageRating" Type="Edm.Decimal" Nullable="false" Precision="4" Scale="2" sap:label="Average Rating" sap:creatable="false"
					sap:updatable="false"/><Property Name="Name" Type="Edm.String" Nullable="false" MaxLength="255" sap:label="Name" sap:creatable="false" sap:updatable="false"/><Property Name="Description" Type="Edm.String" Nullable="false" MaxLength="255" sap:label="Description" sap:creatable="false"
					sap:updatable="false"/><Property Name="StockQuantity" Type="Edm.Int32" Nullable="false" sap:label="Availability" sap:creatable="false" sap:updatable="false"/><Property Name="CurrencyCode" Type="Edm.String" Nullable="false" MaxLength="5" sap:label="Currency" sap:creatable="false"
					sap:updatable="false" sap:semantics="currency-code"/><Property Name="DimensionDepth" Type="Edm.Decimal" Nullable="false" Precision="13" Scale="3" sap:unit="QuantityUnit" sap:label="Depth"
					sap:creatable="false" sap:updatable="false" sap:sortable="false"/><Property Name="DimensionHeight" Type="Edm.Decimal" Nullable="false" Precision="13" Scale="3" sap:unit="QuantityUnit" sap:label="Height"
					sap:creatable="false" sap:updatable="false" sap:sortable="false"/><Property Name="DimensionUnit" Type="Edm.String" Nullable="false" MaxLength="10" sap:label="Dimension Unit" sap:creatable="false"
					sap:updatable="false" sap:sortable="false"/><Property Name="DimensionWidth" Type="Edm.Decimal" Nullable="false" Precision="13" Scale="3" sap:unit="QuantityUnit" sap:label="Width"
					sap:creatable="false" sap:updatable="false" sap:sortable="false"/><Property Name="HasReviewOfCurrentUser" Type="Edm.Boolean" Nullable="false" sap:label="Reviewed" sap:creatable="false" sap:updatable="false"
					sap:sortable="false"/><Property Name="Id" Type="Edm.String" Nullable="false" MaxLength="10" sap:label="Product" sap:creatable="false" sap:updatable="false"/><Property Name="ImageUrl" Type="Edm.String" Nullable="false" MaxLength="255" sap:label="Picture" sap:creatable="false" sap:updatable="false"
					sap:sortable="false"/><Property Name="IsFavoriteOfCurrentUser" Type="Edm.Boolean" Nullable="false" sap:label="Is Favorite" sap:creatable="false"
					sap:sortable="false"/><Property Name="LastModified" Type="Edm.DateTime" Nullable="false" Precision="7" sap:label="Changed At" sap:creatable="false"
					sap:updatable="false" sap:sortable="false"/><Property Name="MainCategoryId" Type="Edm.String" Nullable="false" MaxLength="40" sap:label="Main Category" sap:creatable="false"
					sap:updatable="false"/><Property Name="MainCategoryName" Type="Edm.String" Nullable="false" MaxLength="40" sap:label="Main Category" sap:creatable="false"
					sap:updatable="false"/><Property Name="MeasureUnit" Type="Edm.String" Nullable="false" MaxLength="10" sap:label="Unit of Measure" sap:creatable="false"
					sap:updatable="false" sap:sortable="false"/><Property Name="Price" Type="Edm.Decimal" Nullable="false" Precision="15" Scale="2" sap:unit="CurrencyCode" sap:label="Price"
					sap:creatable="false" sap:updatable="false"/><Property Name="QuantityUnit" Type="Edm.String" Nullable="false" MaxLength="3" sap:label="Unit of Measure" sap:creatable="false"
					sap:updatable="false" sap:sortable="false" sap:semantics="unit-of-measure"/><Property Name="RatingCount" Type="Edm.Int32" Nullable="false" sap:label="Number of Reviews" sap:creatable="false" sap:updatable="false"/><Property Name="SubCategoryId" Type="Edm.String" Nullable="false" MaxLength="40" sap:label="Category" sap:creatable="false"
					sap:updatable="false"/><Property Name="SubCategoryName" Type="Edm.String" Nullable="false" MaxLength="40" sap:label="Category" sap:creatable="false"
					sap:updatable="false"/><Property Name="SupplierId" Type="Edm.String" Nullable="false" MaxLength="10" sap:label="Supplier" sap:creatable="false"
					sap:updatable="false"/><Property Name="SupplierName" Type="Edm.String" Nullable="false" MaxLength="80" sap:label="Supplier" sap:creatable="false"
					sap:updatable="false"/><Property Name="WeightMeasure" Type="Edm.Decimal" Nullable="false" Precision="13" Scale="3" sap:unit="QuantityUnit" sap:label="Weight"
					sap:creatable="false" sap:updatable="false" sap:sortable="false"/><Property Name="WeightUnit" Type="Edm.String" Nullable="false" MaxLength="10" sap:label="Weight Unit" sap:creatable="false"
					sap:updatable="false" sap:sortable="false"/><NavigationProperty Name="ReviewAggregates" Relationship="EPM_REF_APPS_SHOP.ProductReviewAggregates"
					FromRole="FromRole_ProductReviewAggregates" ToRole="ToRole_ProductReviewAggregates"/><NavigationProperty Name="Reviews" Relationship="EPM_REF_APPS_SHOP.ProductReviews" FromRole="FromRole_ProductReviews"
					ToRole="ToRole_ProductReviews"/><NavigationProperty Name="SubCategory" Relationship="EPM_REF_APPS_SHOP.ProductsSubCategory" FromRole="ToRole_ProductsSubCategory"
					ToRole="FromRole_ProductsSubCategory"/><NavigationProperty Name="Supplier" Relationship="EPM_REF_APPS_SHOP.ProductsSupplier" FromRole="ToRole_ProductsSupplier"
					ToRole="FromRole_ProductsSupplier"/><NavigationProperty Name="Images" Relationship="EPM_REF_APPS_SHOP.ProductImages" FromRole="FromRole_ProductImages"
					ToRole="ToRole_ProductImages"/></EntityType>
			<EntityType Name="ReviewAggregate" sap:content-version="1">
				<Key><PropertyRef Name="ProductId"/><PropertyRef Name="Rating"/></Key><Property Name="ProductId" Type="Edm.String" Nullable="false" MaxLength="10" sap:label="Product" sap:creatable="false" sap:updatable="false"
					sap:sortable="false" sap:filterable="false"/><Property Name="Rating" Type="Edm.Byte" Nullable="false" sap:label="Rating" sap:creatable="false" sap:updatable="false" sap:sortable="false"
					sap:filterable="false"/><Property Name="RatingCount" Type="Edm.Int32" Nullable="false" sap:label="Number of Reviews" sap:creatable="false" sap:updatable="false"
					sap:sortable="false" sap:filterable="false"/></EntityType>
			<EntityType Name="ShoppingCartItem" sap:content-version="1">
				<Key><PropertyRef Name="Id"/></Key><Property Name="ShoppingCartId" Type="Edm.Int16" Nullable="false" sap:label="Shopping Cart" sap:creatable="false" sap:updatable="false"/><Property Name="Id" Type="Edm.String" Nullable="false" MaxLength="10" sap:label="Item" sap:creatable="false" sap:updatable="false"/><Property Name="ProductId" Type="Edm.String" Nullable="false" MaxLength="10" sap:label="Product" sap:creatable="false" sap:updatable="false"/><Property Name="Quantity" Type="Edm.Int32" Nullable="false" sap:label="Quantity" sap:creatable="false"/><Property Name="Unit" Type="Edm.String" Nullable="false" MaxLength="3" sap:label="Quantity Unit" sap:creatable="false" sap:updatable="false"
					sap:semantics="unit-of-measure"/><Property Name="SubTotal" Type="Edm.Decimal" Nullable="false" Precision="15" Scale="2" sap:unit="CurrencyCode" sap:label="Subtotal"
					sap:creatable="false" sap:updatable="false"/><Property Name="CurrencyCode" Type="Edm.String" Nullable="false" MaxLength="5" sap:label="Currency" sap:creatable="false"
					sap:updatable="false" sap:semantics="currency-code"/><NavigationProperty Name="Product" Relationship="EPM_REF_APPS_SHOP.ShoppingCartItemProduct" FromRole="ToRole_ShoppingCartItemProduct"
					ToRole="FromRole_ShoppingCartItemProduct"/></EntityType>
			<EntityType Name="ShoppingCart" sap:content-version="1">
				<Key><PropertyRef Name="Id"/></Key><Property Name="Id" Type="Edm.Int16" Nullable="false" sap:label="Shopping Cart" sap:creatable="false" sap:updatable="false"/><Property Name="Total" Type="Edm.Decimal" Nullable="false" Precision="15" Scale="2" sap:unit="CurrencyCode" sap:label="Subtotal"
					sap:creatable="false" sap:updatable="false"/><Property Name="CurrencyCode" Type="Edm.String" Nullable="false" MaxLength="5" sap:label="Currency" sap:creatable="false"
					sap:updatable="false" sap:semantics="currency-code"/><Property Name="TotalQuantity" Type="Edm.Int32" Nullable="false" sap:label="Quantity" sap:creatable="false" sap:updatable="false"/><Property Name="FormattedCustomerName" Type="Edm.String" Nullable="false" MaxLength="81" sap:label="Ordered By" sap:creatable="false"
					sap:updatable="false"/><Property Name="FormattedAddress" Type="Edm.String" Nullable="false" MaxLength="129" sap:label="Delivery Address" sap:creatable="false"
					sap:updatable="false"/><NavigationProperty Name="ShoppingCartItems" Relationship="EPM_REF_APPS_SHOP.ShoppingCartShoppingCartItems"
					FromRole="FromRole_ShoppingCartShoppingCartItems" ToRole="ToRole_ShoppingCartShoppingCartItems"/></EntityType>
			<EntityType Name="Image" m:HasStream="true" sap:label="Image" sap:content-version="1">
				<Key><PropertyRef Name="ProductId"/><PropertyRef Name="Id"/></Key><Property Name="MimeType" Type="Edm.String" Nullable="false" MaxLength="100" sap:label="Dummy Field" sap:creatable="false"
					sap:updatable="false" sap:sortable="false" sap:filterable="false"/><Property Name="ProductId" Type="Edm.String" Nullable="false" MaxLength="10" sap:label="Product Id" sap:creatable="false"
					sap:updatable="false" sap:sortable="false" sap:filterable="false"/><Property Name="Id" Type="Edm.String" Nullable="false" MaxLength="70" sap:label="Id" sap:creatable="false" sap:updatable="false"
					sap:sortable="false" sap:filterable="false"/></EntityType>
			<Association Name="ProductsSubCategory" sap:content-version="1"><End Type="EPM_REF_APPS_SHOP.SubCategory" Multiplicity="1" Role="FromRole_ProductsSubCategory"/><End Type="EPM_REF_APPS_SHOP.Product" Multiplicity="*" Role="ToRole_ProductsSubCategory"/>
				<ReferentialConstraint>
					<Principal Role="FromRole_ProductsSubCategory"><PropertyRef Name="Id"/></Principal>
					<Dependent Role="ToRole_ProductsSubCategory"><PropertyRef Name="SubCategoryId"/></Dependent>
				</ReferentialConstraint>
			</Association>
			<Association Name="ProductsSupplier" sap:content-version="1"><End Type="EPM_REF_APPS_SHOP.Supplier" Multiplicity="1" Role="FromRole_ProductsSupplier"/><End Type="EPM_REF_APPS_SHOP.Product" Multiplicity="*" Role="ToRole_ProductsSupplier"/>
				<ReferentialConstraint>
					<Principal Role="FromRole_ProductsSupplier"><PropertyRef Name="Id"/></Principal>
					<Dependent Role="ToRole_ProductsSupplier"><PropertyRef Name="SupplierId"/></Dependent>
				</ReferentialConstraint>
			</Association>
			<Association Name="SubCategoryMainCategories" sap:content-version="1"><End Type="EPM_REF_APPS_SHOP.MainCategory" Multiplicity="1" Role="FromRole_SubCategoryMainCategories"/><End Type="EPM_REF_APPS_SHOP.SubCategory" Multiplicity="*" Role="ToRole_SubCategoryMainCategories"/>
				<ReferentialConstraint>
					<Principal Role="FromRole_SubCategoryMainCategories"><PropertyRef Name="Id"/></Principal>
					<Dependent Role="ToRole_SubCategoryMainCategories"><PropertyRef Name="MainCategoryId"/></Dependent>
				</ReferentialConstraint>
			</Association>
			<Association Name="ProductReviewAggregates" sap:content-version="1"><End Type="EPM_REF_APPS_SHOP.Product" Multiplicity="1" Role="FromRole_ProductReviewAggregates"/><End Type="EPM_REF_APPS_SHOP.ReviewAggregate" Multiplicity="*" Role="ToRole_ProductReviewAggregates"/>
				<ReferentialConstraint>
					<Principal Role="FromRole_ProductReviewAggregates"><PropertyRef Name="Id"/></Principal>
					<Dependent Role="ToRole_ProductReviewAggregates"><PropertyRef Name="ProductId"/></Dependent>
				</ReferentialConstraint>
			</Association>
			<Association Name="ShoppingCartItemProduct" sap:content-version="1"><End Type="EPM_REF_APPS_SHOP.Product" Multiplicity="1" Role="FromRole_ShoppingCartItemProduct"/><End Type="EPM_REF_APPS_SHOP.ShoppingCartItem" Multiplicity="0..1" Role="ToRole_ShoppingCartItemProduct"/>
				<ReferentialConstraint>
					<Principal Role="FromRole_ShoppingCartItemProduct"><PropertyRef Name="Id"/></Principal>
					<Dependent Role="ToRole_ShoppingCartItemProduct"><PropertyRef Name="ProductId"/></Dependent>
				</ReferentialConstraint>
			</Association>
			<Association Name="ProductImages" sap:content-version="1"><End Type="EPM_REF_APPS_SHOP.Product" Multiplicity="1" Role="FromRole_ProductImages"/><End Type="EPM_REF_APPS_SHOP.Image" Multiplicity="*" Role="ToRole_ProductImages"/>
				<ReferentialConstraint>
					<Principal Role="FromRole_ProductImages"><PropertyRef Name="Id"/></Principal>
					<Dependent Role="ToRole_ProductImages"><PropertyRef Name="ProductId"/></Dependent>
				</ReferentialConstraint>
			</Association>
			<Association Name="ProductReviews" sap:content-version="1"><End Type="EPM_REF_APPS_SHOP.Product" Multiplicity="1" Role="FromRole_ProductReviews"/><End Type="EPM_REF_APPS_SHOP.Review" Multiplicity="*" Role="ToRole_ProductReviews"/>
				<ReferentialConstraint>
					<Principal Role="FromRole_ProductReviews"><PropertyRef Name="Id"/></Principal>
					<Dependent Role="ToRole_ProductReviews"><PropertyRef Name="ProductId"/></Dependent>
				</ReferentialConstraint>
			</Association>
			<Association Name="ShoppingCartShoppingCartItems" sap:content-version="1"><End Type="EPM_REF_APPS_SHOP.ShoppingCart" Multiplicity="1" Role="FromRole_ShoppingCartShoppingCartItems"/><End Type="EPM_REF_APPS_SHOP.ShoppingCartItem" Multiplicity="*" Role="ToRole_ShoppingCartShoppingCartItems"/>
				<ReferentialConstraint>
					<Principal Role="FromRole_ShoppingCartShoppingCartItems"><PropertyRef Name="Id"/></Principal>
					<Dependent Role="ToRole_ShoppingCartShoppingCartItems"><PropertyRef Name="ShoppingCartId"/></Dependent>
				</ReferentialConstraint>
			</Association>
			<EntityContainer Name="EPM_REF_APPS_SHOP_Entities" m:IsDefaultEntityContainer="true" sap:supported-formats="atom json xlsx"><EntitySet Name="Suppliers" EntityType="EPM_REF_APPS_SHOP.Supplier" sap:creatable="false" sap:updatable="false" sap:deletable="false"
				sap:content-version="1"/><EntitySet Name="MainCategories" EntityType="EPM_REF_APPS_SHOP.MainCategory" sap:creatable="false" sap:updatable="false"
				sap:deletable="false" sap:content-version="1"/><EntitySet Name="SubCategories" EntityType="EPM_REF_APPS_SHOP.SubCategory" sap:creatable="false" sap:updatable="false" sap:deletable="false"
				sap:searchable="true" sap:content-version="1"/><EntitySet Name="Reviews" EntityType="EPM_REF_APPS_SHOP.Review" sap:content-version="1"/><EntitySet Name="Products" EntityType="EPM_REF_APPS_SHOP.Product" sap:creatable="false" sap:deletable="false" sap:content-version="1"/><EntitySet Name="ReviewAggregates" EntityType="EPM_REF_APPS_SHOP.ReviewAggregate" sap:creatable="false" sap:updatable="false"
				sap:deletable="false" sap:content-version="1"/><EntitySet Name="ShoppingCartItems" EntityType="EPM_REF_APPS_SHOP.ShoppingCartItem" sap:creatable="false" sap:updatable="false"
				sap:deletable="false" sap:content-version="1"/><EntitySet Name="ShoppingCarts" EntityType="EPM_REF_APPS_SHOP.ShoppingCart" sap:creatable="false" sap:updatable="false"
				sap:deletable="false" sap:content-version="1"/><EntitySet Name="Images" EntityType="EPM_REF_APPS_SHOP.Image" sap:label="Images" sap:creatable="false" sap:updatable="false"
				sap:deletable="false" sap:content-version="1"/>
				<AssociationSet Name="ProductImagesSet" Association="EPM_REF_APPS_SHOP.ProductImages" sap:creatable="false" sap:updatable="false"
					sap:deletable="false" sap:content-version="1"><End EntitySet="Products" Role="FromRole_ProductImages"/><End EntitySet="Images" Role="ToRole_ProductImages"/></AssociationSet>
				<AssociationSet Name="ProductReviewsSet" Association="EPM_REF_APPS_SHOP.ProductReviews" sap:creatable="false" sap:updatable="false"
					sap:deletable="false" sap:content-version="1"><End EntitySet="Products" Role="FromRole_ProductReviews"/><End EntitySet="Reviews" Role="ToRole_ProductReviews"/></AssociationSet>
				<AssociationSet Name="ProductsSupplierSet" Association="EPM_REF_APPS_SHOP.ProductsSupplier" sap:creatable="false" sap:updatable="false"
					sap:deletable="false" sap:content-version="1"><End EntitySet="Suppliers" Role="FromRole_ProductsSupplier"/><End EntitySet="Products" Role="ToRole_ProductsSupplier"/></AssociationSet>
				<AssociationSet Name="ShoppingCartItemProductSet" Association="EPM_REF_APPS_SHOP.ShoppingCartItemProduct" sap:creatable="false"
					sap:updatable="false" sap:deletable="false" sap:content-version="1"><End EntitySet="Products" Role="FromRole_ShoppingCartItemProduct"/><End EntitySet="ShoppingCartItems" Role="ToRole_ShoppingCartItemProduct"/></AssociationSet>
				<AssociationSet Name="ProductReviewAggregatesSet" Association="EPM_REF_APPS_SHOP.ProductReviewAggregates" sap:creatable="false"
					sap:updatable="false" sap:deletable="false" sap:content-version="1"><End EntitySet="Products" Role="FromRole_ProductReviewAggregates"/><End EntitySet="ReviewAggregates" Role="ToRole_ProductReviewAggregates"/></AssociationSet>
				<AssociationSet Name="SubCategoryMainCategoriesSet" Association="EPM_REF_APPS_SHOP.SubCategoryMainCategories" sap:creatable="false"
					sap:updatable="false" sap:deletable="false" sap:content-version="1"><End EntitySet="MainCategories" Role="FromRole_SubCategoryMainCategories"/><End EntitySet="SubCategories" Role="ToRole_SubCategoryMainCategories"/></AssociationSet>
				<AssociationSet Name="ShoppingCartShoppingCartItemsSet" Association="EPM_REF_APPS_SHOP.ShoppingCartShoppingCartItems" sap:creatable="false"
					sap:updatable="false" sap:deletable="false" sap:content-version="1"><End EntitySet="ShoppingCarts" Role="FromRole_ShoppingCartShoppingCartItems"/><End EntitySet="ShoppingCartItems" Role="ToRole_ShoppingCartShoppingCartItems"/></AssociationSet>
				<AssociationSet Name="ProductSubCategorySet" Association="EPM_REF_APPS_SHOP.ProductsSubCategory" sap:creatable="false" sap:updatable="false"
					sap:deletable="false" sap:content-version="1"><End EntitySet="SubCategories" Role="FromRole_ProductsSubCategory"/><End EntitySet="Products" Role="ToRole_ProductsSubCategory"/></AssociationSet>
				<FunctionImport Name="AddProductToShoppingCart" ReturnType="EPM_REF_APPS_SHOP.ShoppingCartItem" EntitySet="ShoppingCartItems"
					m:HttpMethod="POST"><Parameter Name="ProductId" Type="Edm.String" Mode="In"/></FunctionImport><FunctionImport Name="BuyShoppingCart" ReturnType="EPM_REF_APPS_SHOP.ShoppingCart" EntitySet="ShoppingCarts" m:HttpMethod="POST"
					sap:action-for="EPM_REF_APPS_SHOP.ShoppingCart"/></EntityContainer>
			<Annotations xmlns="http://docs.oasis-open.org/odata/ns/edm" Target="EPM_REF_APPS_SHOP.Product/MainCategoryId">
				<Annotation Term="com.sap.vocabularies.Common.v1.ValueList">
					<Record><PropertyValue Property="CollectionPath" String="MainCategories"/><PropertyValue Property="SearchSupported" Bool="true"/>
						<PropertyValue Property="Parameters">
							<Collection>
								<Record Type="com.sap.vocabularies.Common.v1.ValueListParameterInOut"><PropertyValue Property="LocalDataProperty" PropertyPath="MainCategoryId"/><PropertyValue Property="ValueListProperty" String="Id"/></Record>
								<Record Type="com.sap.vocabularies.Common.v1.ValueListParameterOut"><PropertyValue Property="LocalDataProperty" PropertyPath="MainCategoryName"/><PropertyValue Property="ValueListProperty" String="Name"/></Record>
							</Collection>
						</PropertyValue>
					</Record>
				</Annotation>
			</Annotations>
			<Annotations xmlns="http://docs.oasis-open.org/odata/ns/edm" Target="EPM_REF_APPS_SHOP.Product">
				<Annotation Term="Common.SemanticKey">
					<Collection>
						<PropertyPath>Id</PropertyPath>
					</Collection>
				</Annotation><Annotation Term="Common.SemanticObject" String="EPMProduct"/>
				<Annotation Term="UI.HeaderInfo">
					<Record><PropertyValue Property="TypeName" String="Product"/><PropertyValue Property="TypeNamePlural" String="Products"/>
						<PropertyValue Property="Title">
							<Record Type="UI.DataField"><PropertyValue Property="Value" Path="Name"/></Record>
						</PropertyValue>
						<PropertyValue Property="Description">
							<Record Type="UI.DataField"><PropertyValue Property="Value" Path="Id"/></Record>
						</PropertyValue><PropertyValue Property="ImageUrl" Path="ImageUrl"/></Record>
				</Annotation>
			</Annotations>
			<Annotations xmlns="http://docs.oasis-open.org/odata/ns/edm" Target="EPM_REF_APPS_SHOP.Review">
				<Annotation Term="UI.HeaderInfo">
					<Record><PropertyValue Property="TypeName" String="Review"/><PropertyValue Property="TypeNamePlural" String="Reviews"/>
						<PropertyValue Property="Title">
							<Record Type="UI.DataField"><PropertyValue Property="Value" Path="UserDisplayName"/></Record>
						</PropertyValue>
						<PropertyValue Property="Description">
							<Record Type="UI.DataField"><PropertyValue Property="Value" Path="Comment"/></Record>
						</PropertyValue><PropertyValue Property="TypeImageUrl" String="sap-icon://comment"/></Record>
				</Annotation>
			</Annotations>
			<Annotations xmlns="http://docs.oasis-open.org/odata/ns/edm" Target="EPM_REF_APPS_SHOP.ShoppingCart">
				<Annotation Term="UI.HeaderInfo">
					<Record><PropertyValue Property="TypeName" String="Shopping Cart"/><PropertyValue Property="TypeNamePlural" String="Shopping Carts"/>
						<PropertyValue Property="Title">
							<Record Type="UI.DataField"><PropertyValue Property="Value" Path="FormattedCustomerName"/></Record>
						</PropertyValue>
						<PropertyValue Property="Description">
							<Record Type="UI.DataField"><PropertyValue Property="Value" Path="Total"/></Record>
						</PropertyValue><PropertyValue Property="TypeImageUrl" String="sap-icon://cart"/></Record>
				</Annotation>
			</Annotations>
			<Annotations xmlns="http://docs.oasis-open.org/odata/ns/edm" Target="EPM_REF_APPS_SHOP.ShoppingCartItem">
				<Annotation Term="UI.HeaderInfo">
					<Record><PropertyValue Property="TypeName" String="Shopping Cart Item"/><PropertyValue Property="TypeNamePlural" String="Shopping Cart Items"/>
						<PropertyValue Property="Title">
							<Record Type="UI.DataField"><PropertyValue Property="Value" Path="Product/Name"/></Record>
						</PropertyValue>
						<PropertyValue Property="Description">
							<Record Type="UI.DataField"><PropertyValue Property="Value" Path="SubTotal"/></Record>
						</PropertyValue><PropertyValue Property="TypeImageUrl" String="sap-icon://cart-5"/><PropertyValue Property="ImageUrl" Path="Product/ImageUrl"/></Record>
				</Annotation>
			</Annotations><atom:link xmlns:atom="http://www.w3.org/2005/Atom" rel="self" href="./sap/EPM_REF_APPS_SHOP_SRV/$metadata"/><atom:link xmlns:atom="http://www.w3.org/2005/Atom" rel="latest-version" href="./sap/EPM_REF_APPS_SHOP_SRV/$metadata"/></Schema>
	</edmx:DataServices>
</edmx:Edmx>